{
  "host": "DESKTOP-DIA8VEH",
  "engine": "distilbert-base-uncased_b1_s128_gelu_fp16_fp16.plan",
  "engine_path": "C:\\Users\\Tien\\Documents\\ml-bench-projects\\nvidia-gpu-performance-study\\engines\\distilbert-base-uncased_b1_s128_gelu_fp16_fp16.plan",
  "runs": 100,
  "warmup": 10,
  "batch": null,
  "input_shapes": {
    "input_ids": [
      1,
      128
    ],
    "attention_mask": [
      1,
      128
    ]
  },
  "output_shapes": {
    "output": [
      1,
      128,
      768
    ]
  },
  "mean_latency_ms": 1.5221429999999987,
  "std_latency_ms": 0.15337946032960212,
  "p50_ms": 1.6086000000000156,
  "p90_ms": 1.633779999999996,
  "p99_ms": 1.9613440000000548,
  "throughput": 656.9684977035672
}