{
  "host": "DESKTOP-DIA8VEH",
  "model": "distilbert-base-uncased_b1_s128_gelu_fp32",
  "backend": "tensorrt",
  "batch_size": 1,
  "seq_len": 128,
  "runs": 500,
  "mean_latency_ms": 1.9513190000000016,
  "std_latency_ms": 0.8938955932652526,
  "p50_ms": 1.5929999999997335,
  "p90_ms": 3.077310000000822,
  "p99_ms": 5.809821000000581,
  "throughput": 512.4738702385408
}