{
  "host": "DESKTOP-DIA8VEH",
  "model": "distilbert-base-uncased_gelu_fp32",
  "backend": "tensorrt",
  "batch_size": 1,
  "seq_len": 128,
  "runs": 100,
  "mean_latency_ms": 2.425955999999969,
  "std_latency_ms": 2.2100770156409038,
  "p50_ms": 1.636049999999667,
  "p90_ms": 3.336840000000182,
  "p99_ms": 9.978015000000372,
  "throughput": 412.2086303296567
}