{
  "host": "DESKTOP-DIA8VEH",
  "model": "distilbert-base-uncased_b1_s128_gelu_fp16",
  "backend": "tensorrt",
  "batch_size": 1,
  "seq_len": 128,
  "runs": 100,
  "mean_latency_ms": 0.8864749999996491,
  "std_latency_ms": 0.13547967624347618,
  "p50_ms": 0.8549499999990218,
  "p90_ms": 1.0484100000020646,
  "p99_ms": 1.4380090000027586,
  "throughput": 1128.0633971633672
}