{
  "host": "DESKTOP-DIA8VEH",
  "model": "distilbert-base-uncased_gelu_fp32",
  "backend": "gpu",
  "batch_size": 1,
  "seq_len": 128,
  "runs": 100,
  "mean_latency_ms": 8.685503000000006,
  "p50_ms": 7.835900000000007,
  "p90_ms": 9.398220000000041,
  "p99_ms": 24.117539000000182,
  "throughput": 115.13437966690005
}