{
  "host": "DESKTOP-DIA8VEH",
  "model": "distilbert-base-uncased_b1_s128_gelu_fp32",
  "backend": "gpu",
  "batch_size": 1,
  "seq_len": 128,
  "runs": 100,
  "mean_latency_ms": 5.4130129999999905,
  "p50_ms": 4.9610999999999965,
  "p90_ms": 6.224979999999891,
  "p99_ms": 12.079293000000025,
  "throughput": 184.7399960059216
}