{
  "host": "DESKTOP-DIA8VEH",
  "model": "distilbert-base-uncased_b1_s128_fast-gelu_fp32",
  "backend": "tensorrt",
  "batch_size": 1,
  "seq_len": 128,
  "runs": 500,
  "mean_latency_ms": 1.749108599999996,
  "std_latency_ms": 0.5386546188663531,
  "p50_ms": 1.5110000000007062,
  "p90_ms": 2.3690199999998995,
  "p99_ms": 4.092711000000495,
  "throughput": 571.7197891543168
}