{
  "host": "DESKTOP-DIA8VEH",
  "model": "distilbert-base-uncased_b1_s128_gelu_fp16",
  "backend": "gpu",
  "batch_size": 1,
  "seq_len": 128,
  "runs": 100,
  "mean_latency_ms": 6.049940999999999,
  "p50_ms": 5.541750000000012,
  "p90_ms": 6.440179999999897,
  "p99_ms": 15.391274000000045,
  "throughput": 165.29086812582142
}