{
  "host": "DESKTOP-DIA8VEH",
  "model": "distilbert-base-uncased_b1_s128_gelu_int8",
  "backend": "gpu",
  "batch_size": 1,
  "seq_len": 128,
  "runs": 100,
  "mean_latency_ms": 43.03184699999998,
  "p50_ms": 42.39824999999975,
  "p90_ms": 45.8040200000001,
  "p99_ms": 66.48447699999966,
  "throughput": 23.238602795738714
}