{
  "host": "DESKTOP-DIA8VEH",
  "model": "distilbert-base-uncased_b1_s128_gelu_fp16",
  "backend": "gpu",
  "batch_size": 1,
  "seq_len": 128,
  "runs": 100,
  "mean_latency_ms": 8.31222600000001,
  "p50_ms": 7.788399999999918,
  "p90_ms": 9.554239999999915,
  "p99_ms": 23.853054000000046,
  "throughput": 120.30471741263999
}