{
  "host": "DESKTOP-DIA8VEH",
  "model": "distilbert-base-uncased_b1_s128_fast-gelu_fp32",
  "backend": "gpu",
  "batch_size": 1,
  "seq_len": 128,
  "runs": 100,
  "mean_latency_ms": 6.809884000000008,
  "p50_ms": 5.987700000000151,
  "p90_ms": 8.20014000000009,
  "p99_ms": 21.08213299999997,
  "throughput": 146.84537945139724
}