{
  "model": "distilbert-base-uncased_gelu_fp32",
  "backend": "ort-cuda",
  "batch_size": 1,
  "seq_len": 128,
  "runs": 100,
  "mean_latency_ms": 8.559137999999997,
  "std_latency_ms": 3.737742486121297,
  "p50_ms": 7.716749999999717,
  "p90_ms": 9.327260000000152,
  "p99_ms": 27.963812000000125,
  "throughput_samples_per_sec": 116.8341952191915
}