{
  "host": "DESKTOP-DIA8VEH",
  "model": "distilbert-base-uncased_b1_s128_fast-gelu_fp32",
  "backend": "gpu",
  "batch_size": 1,
  "seq_len": 128,
  "runs": 100,
  "mean_latency_ms": 9.114247000000004,
  "p50_ms": 8.422199999999936,
  "p90_ms": 11.150239999999979,
  "p99_ms": 19.974593999999918,
  "throughput": 109.71833438352061
}