{
  "host": "DESKTOP-DIA8VEH",
  "model": "distilbert-base-uncased_b1_s128_gelu_int8_symmetric",
  "backend": "tensorrt",
  "batch_size": 1,
  "seq_len": 128,
  "runs": 100,
  "mean_latency_ms": 2.1808379999999694,
  "std_latency_ms": 0.4439158505346145,
  "p50_ms": 2.0854999999997403,
  "p90_ms": 2.769569999999,
  "p99_ms": 3.311368999999925,
  "throughput": 458.5393321282984
}