{
  "host": "DESKTOP-DIA8VEH",
  "model": "distilbert-base-uncased_b1_s128_gelu_fp32",
  "backend": "tensorrt",
  "batch_size": 1,
  "seq_len": 128,
  "runs": 100,
  "mean_latency_ms": 2.411105000000049,
  "std_latency_ms": 3.2791648616187232,
  "p50_ms": 1.4993000000007584,
  "p90_ms": 2.5268099999994593,
  "p99_ms": 17.773791999999993,
  "throughput": 414.7475949823752
}