{
  "host": "DESKTOP-DIA8VEH",
  "model": "distilbert-base-uncased_b1_s128_gelu_fp32",
  "backend": "tensorrt",
  "batch_size": 1,
  "seq_len": 128,
  "runs": 100,
  "mean_latency_ms": 2.9029369999999943,
  "std_latency_ms": 3.2480125985794692,
  "p50_ms": 1.4325000000003918,
  "p90_ms": 8.280090000000248,
  "p99_ms": 11.971946999999362,
  "throughput": 344.47871242124853
}