{
  "host": "DESKTOP-DIA8VEH",
  "model": "distilbert-base-uncased_b1_s128_fast-gelu_fp32",
  "backend": "tensorrt",
  "batch_size": 1,
  "seq_len": 128,
  "runs": 100,
  "mean_latency_ms": 2.508930999999963,
  "std_latency_ms": 2.2765152773788526,
  "p50_ms": 1.6549000000001257,
  "p90_ms": 6.6279100000001065,
  "p99_ms": 10.124485999999086,
  "throughput": 398.57612664517865
}