{
  "host": "DESKTOP-DIA8VEH",
  "model": "distilbert-base-uncased_b1_s128_fast-gelu_fp32",
  "backend": "tensorrt",
  "batch_size": 1,
  "seq_len": 128,
  "runs": 100,
  "mean_latency_ms": 2.28498400000003,
  "std_latency_ms": 2.1632088688206164,
  "p50_ms": 1.451799999999892,
  "p90_ms": 7.744180000000078,
  "p99_ms": 8.629096000000143,
  "throughput": 437.63982592437713
}