{
  "host": "DESKTOP-DIA8VEH",
  "model": "distilbert-base-uncased_b1_s128_gelu_fp32",
  "backend": "tensorrt",
  "batch_size": 1,
  "seq_len": 128,
  "runs": 100,
  "mean_latency_ms": 2.8835359999998644,
  "std_latency_ms": 2.6148076786075194,
  "p50_ms": 1.636649999999129,
  "p90_ms": 8.150810000000241,
  "p99_ms": 9.165353999999589,
  "throughput": 346.79643326805945
}